{
  "areaId": "UNKNOWN",
  "data": {
    "ALL": {
      "total_flow.down_bit_speed": 2705689.8666666667,
      "tcp_delay.rtt_down": 428.4258333332717,
      "tcp_delay.rtt_up": 206.1735135134324,
      "total_flow.up_bit_speed": 377447.6,
      "tcp_retransmission.up_ratio": 0.46684350132625996,
      "tcp_retransmission.down_ratio": 0.014281155257699059
    },
    "f0f261ba-7234-11e9-99ae-02420a0a0a05": {
      "total_flow.down_bit_speed": 74713.33333333333,
      "tcp_delay.rtt_up": 0.009999999776482582,
      "total_flow.up_bit_speed": 9148.533333333333,
      "tcp_retransmission.up_ratio": 0.0,
      "tcp_retransmission.down_ratio": 0.0
    }
  },
  "merge": "AVG",
  "span": "ONE_MINUTE",
  "time": 1561019760
}
